<?xml version="1.0" encoding="UTF-8"?>
<project-private xmlns="http://www.netbeans.org/ns/project-private/1">
    <editor-bookmarks xmlns="http://www.netbeans.org/ns/editor-bookmarks/2" lastBookmarkId="0"/>
    <open-files xmlns="http://www.netbeans.org/ns/projectui-open-files/2">
        <group>
            <file>file:/C:/Users/SOFIA57/Documents/NetBeansProjects/InventarioLicorera/src/vista2/LoginVista2.java</file>
            <file>file:/C:/Users/SOFIA57/Documents/NetBeansProjects/InventarioLicorera/src/vista2/MenuPrincipal.java</file>
            <file>file:/C:/Users/SOFIA57/Documents/NetBeansProjects/InventarioLicorera/src/vista2/InventarioVista.java</file>
            <file>file:/C:/Users/SOFIA57/Documents/NetBeansProjects/InventarioLicorera/src/modelo2/Producto.java</file>
            <file>file:/C:/Users/SOFIA57/Documents/NetBeansProjects/InventarioLicorera/src/controlador2/LoginController.java</file>
            <file>file:/C:/Users/SOFIA57/Documents/NetBeansProjects/InventarioLicorera/src/Main.java</file>
            <file>file:/C:/Users/SOFIA57/Documents/NetBeansProjects/InventarioLicorera/src/controlador2/InventarioController.java</file>
        </group>
    </open-files>
</project-private>
